{
    "credentials" : [
        {
            "id" : "SQLCreds",
            "name" : "SQLCreds",
            "credType" : "DBCreds",
            "properties" : [
                {
                    "name" : "DBUserName",
                    "value" : "CLEAR[DBSNMP]"
                },
                {
                    "name" : "DBPassword",
                    "value" : "CLEAR[monitoring]"
                },
                {
                    "name" : "DBRole",
                    "value" : "CLEAR[Normal]"
                }
            ]
        }
    ]
}
